SalesPersonID,Full Name
1,Guy R Gilbert
2,Kevin F Brown
3,Roberto Tamburello
4,Rob Walters
5,Thierry B D'Hers
6,David M Bradley
7,JoLynn M Dobney
8,Ruth Ann Ellerbrock
9,Ms. Gail A Erickson
10,Barry K Johnson
11,Mr. Jossef H Goldberg
12,Terri Lee Duffy
13,Sidney M Higa
14,Taylor R Maxwell
15,Jeffrey L Ford
16,Jo A Brown
17,Doris M Hartwig
18,John T Campbell
19,Diane R Glimp
20,Steven T Selikoff
21,Peter J Krebs
22,Stuart V Munson
23,Greg F Alderson
24,David N Johnson
25,Zheng W Mu
26,Ivo William Salmre
27,Paul B Komosinski
28,Ashvini R Sharma
29,Kendall C Keil
30,Paula M Barreto de Mattos
31,Alejandro E McGuel
32,Garrett R Young
33,Jian Shuo Wang
34,Susan W Eaton
35,Vamsi N Kuppa
36,Alice O Ciccu
37,Simon D Rapier
38,Jinghao K Liu
39,Michael T Hines
40,Yvonne S McKay
41,Peng J Wu
42,Jean E Trenary
43,Russell Hunter
44,A. Scott Wright
45,Fred T Northup
46,Sariya E Harnpadoungsataya
47,Willis T Johnson
48,Jun T Cao
49,Christian E Kleinerman
50,Susan A Metters
51,Reuben H D'sa
52,Kirk J Koenigsbauer
53,David J Ortiz
54,Tengiz N Kharatishvili
55,Hanying P Feng
56,Kevin H Liu
57,Annik O Stahl
58,Suroor R Fatima
59,Deborah E Poe
60,Jim H Scardelis
61,Carole M Poland
62,George Z Li
63,Gary W Yukish
64,Cristian K Petculescu
65,Raymond K Sam
66,Janaina Barreiro Gambaro Bueno
67,Bob N Hohman
68,Shammi G Mohamed
69,Linda K Moschell
70,Mindy C Martin
71,Wendy Beth Kahn
72,Kim T Ralls
73,Sandra Reátegui Alayo
74,Kok-Ho T Loh
75,Douglas B Hite
76,James D Kramer
77,Sean P Alexander
78,Nitin S Mirchandani
79,Diane L Margheim
80,Rebecca A Laszlo
81,Rajesh M Patel
82,Vidur X Luthra
83,John P Evans
84,Nancy A Anderson
85,Pilar G Ackerman
86,David A Yalovsky
87,David P Hamilton
88,Laura C Steele
89,Margie W Shoop
90,Zainal T Arifin
91,Lorraine O Nay
92,Fadi K Fakhouri
93,Ryan L Cornelsen
94,Candy L Spoon
95,Nuan Yu
96,William S Vong
97,Bjorn M Rettig
98,Scott R Gode
99,Michael L Rothkugel
100,Lane M Sacksteder
101,Pete C Male
102,Dan K Bacon
103,David M Barber
104,Lolan B Song
105,Paula R Nartker
106,Mary E Gibson
107,Mindaugas J Krapauskas
108,Eric Gubbels
109,Ken J Sánchez
110,Jason M Watters
111,Mark L Harrington
112,Janeth M Esteves
113,Marc J Ingle
114,Gigi N Matthew
115,Paul R Singh
116,Frank T Lee
117,François P Ajenstat
118,Diane H Tibbott
119,Ms. Jill A Williams
120,Angela W Barbariol
121,Matthias T Berndt
122,Bryan Baker
123,Jeff V Hay
124,Eugene R Zabokritski
125,Barbara S Decker
126,Chris T Preston
127,Sean N Chai
128,Dan B Wilson
129,Mark K McArthur
130,Bryan A Walton
131,Houman N Pournasseh
132,Sairaj L Uddin
133,Michiko F Osada
134,Benjamin R Martin
135,Cynthia S Randall
136,Kathie E Flood
137,Britta L Simon
138,Brian T Lloyd
139,David J Liu
140,Laura F Norman
141,Michael W Patten
142,Andy M Ruth
143,Yuhong L Li
144,Robert J Rounthwaite
145,Andreas T Berglund
146,Reed T Koch
147,Linda A Randall
148,James R Hamilton
149,Ramesh V Meyyappan
150,Stephanie A Conroy
151,Samantha H Smith
152,Tawana G Nusbaum
153,Denise H Smith
154,Hao O Chen
155,Alex M Nayberg
156,Eugene O Kogan
157,Brandon G Heidepriem
158,Dylan A Miller
159,Shane S Kim
160,John Y Chen
161,Karen R Berge
162,Jose R Lugo
163,Mandar H Samant
164,Mikael Q Sandberg
165,Sameer A Tejani
166,Dragan K Tomic
167,Carol M Philips
168,Rob T Caron
169,Don L Hall
170,Alan J Brewer
171,David Oliver Lawrence
172,Baris F Cetinok
173,Michael Sean Ray
174,Steve F Masters
175,Suchitra O Mohan
176,Karen A Berg
177,Terrence W Earls
178,Barbara C Moreland
179,Chad W Niswonger
180,Rostislav E Shabalin
181,Belinda M Newman
182,Katie L McAskill-White
183,Russell M King
184,Jack S Richins
185,Andrew R Hill
186,Nicole B Holliday
187,Frank T Miller
188,Peter I Connelly
189,Anibal T Sousa
190,Ken L Myer
191,Grant N Culbertson
192,Michael T Entin
193,Lionel C Penuchot
194,Thomas R Michaels
195,Jimmy T Bischoff
196,Michael T Vanderhyde
197,Lori A Kane
198,Arvind B Rao
199,Stefen A Hesse
200,Hazem E Abolrous
201,Janet L Sheperdigian
202,Elizabeth I Keyser
203,Terry J Eminhizer
204,John N Frum
205,Merav A Netz
206,Brian P LaMee
207,Kitti H Lertpiriyasuwat
208,Jay G Adams
209,Jan S Miksovsky
210,Brenda M Diaz
211,Andrew M Cencini
212,Chris K Norred
213,Chris O Okelberry
214,Shelley N Dyck
215,Gabe B Mares
216,Mike K Seamans
217,Michael Raheem
218,Gary E. Altman
219,Charles B Fitzgerald
220,Ebru N Ersan
221,Sylvester A Valdez
222,Brian Richard Goldstein
223,Linda P Meisner
224,Betsy A Stadick
225,Magnus E Hedlund
226,Karan R Khanna
227,Mary R Baker
228,Kevin M Homer
229,Mihail U Frintu
230,Bonnie N Kearney
231,Fukiko J Ogisu
232,Mr. Hung-Fu T Ting
233,Gordon L Hee
234,Kimberly B Zimmerman
235,Kim B Abercrombie
236,Sandeep P Kaliyath
237,Prasanna E Samarawickrama
238,Frank S Pellow
239,Min G Su
240,Eric L Brown
241,Eric S Kurjan
242,Pat H Coleman
243,Maciej W Dusza
244,Erin M Hagens
245,Patrick C Wedge
246,Frank R Martinez
247,Ed R Dudenhoefer
248,Christopher E Hill
249,Patrick M Cook
250,Krishna Sunkammurali
251,Lori K Penor
252,Danielle C Tiedt
253,Sootha T Charncherngkha
254,Michael J Zwilling
255,Randy T Reeves
256,John T Kane
257,Jack T Creasey
258,Olinda C Turner
259,Stuart J Macrae
260,Jo L Berry
261,Ben T Miller
262,Tom M Vande Velde
263,Ovidiu V Cracium
264,Annette L Hill
265,Ms. Janice M Galvin
266,Reinout N Hillmann
267,Michael I Sullivan
268,Stephen Y Jiang
269,Wanida M Benshoof
270,Sharon B Salavaria
271,John L Wood
272,Mary A Dempsey
273,Mr. Brian S Welcker
274,Sheela H Word
275,Michael G Blythe
276,Linda C Mitchell
277,Jillian Carson
278,Garrett R Vargas
279,Tsvi Michael Reiter
280,Pamela O Ansman-Wolfe
281,Shu K Ito
282,José Edvaldo Saraiva
283,David R Campbell
284,Amy E Alberts
285,Jae B Pak
286,Ranjit R Varkey Chudukatil
287,Mr. Tete A Mensa-Annan
288,Mr. Syed E Abbas
289,Rachel B Valdez
290,Lynn N Tsoflias